nombre,legajo,edad
Robinett Frail,9230,32
Dolph Wegenen,9972,37
Pierre Tuffs,5005,36
Walker Camps,5761,23
Rosemary Sagerson,3709,19
Charmaine Burdis,5542,25
Yoshiko Dedney,8863,42
Jeanine Terrelly,6487,24
Manuel Onele,9000,30
Luciana Summersett,8762,34
Waylan Haycock,7617,28
Helen Pickett,4106,23
Carolus Dymock,9649,44
Davis Harries,6938,49
Carlynn Giggie,6912,25
Myrvyn Morrel,7513,38
Amos Sauvan,1263,50
Tammie Cristofaro,2076,49
Josefa Last,5352,44
Christina Bidmead,1535,36
Davis Walcher,4246,49
Dyan Gillio,5468,45
Brinna Duckworth,9590,50
Griswold Durno,9415,35
Dorelia Laugheran,4813,43
Petunia Benzing,5837,35
Roxi Harriss,9297,19
Dede Angus,1537,31
Gerardo MacGarvey,5308,26
Nannie Carruthers,6200,46
Rafi Primett,6429,32
Andrea Serjeant,3515,30
Hart Leap,4142,42
Karmen Massy,6565,19
Denni Tremolieres,5976,36
Giff Duigan,2404,24
Corrianne Croci,2179,24
Ernest Annwyl,5121,44
Nathanial Whitta,5056,43
Sullivan Charlwood,7467,22
Othelia Hargreaves,7971,25
Chaunce Aprahamian,5629,48
Bastien Le Batteur,7581,19
Klaus Aberchirder,9907,18
Madelin Mathivon,7261,24
Laverna Itskovitz,8104,38
Donnajean Reisenstein,2414,48
Marthena Lally,6549,33
Darryl Roubottom,6524,19
Justino Charters,7679,22
Rosamund Lindblad,1434,23
Saraann Dillaway,6477,24
Dita Henzer,4022,48
Kailey Ceney,4038,49
Jaime Poletto,1872,46
Thain Stockton,9451,33
Alayne Maslin,8600,33
Aleksandr Wilber,5195,49
Editha Lammerich,8255,29
Sheela Lembcke,9655,42
Terrence Mariaud,2112,46
Brinn Perren,5768,45
Cherida Londsdale,5312,36
Yale Clappson,8327,30
Edwina Shinfield,3701,37
Dewie Thick,3965,29
Arda McNelly,6476,21
Marin Perham,6989,23
Alden Piner,9284,32
Stern Picard,9023,39
Albina Yukhnini,1105,37
Michale Lupson,4959,49
Wyndham Danat,4025,26
Frans Middleditch,1684,22
Rudy Klosterman,4640,50
Chelsie Zorener,1247,33
Titus Lawley,1477,39
Ara Greenhill,6058,50
Elwyn Bouttell,3733,34
Nicko Mac,6470,26
Floyd Camies,7082,36
Rolph Creboe,3033,20
Barbi Juckes,5055,32
Georgeta Markussen,5408,49
Wenona Pearn,7619,49
Henry Fusedale,1412,50
Reynolds Ramshaw,6959,39
Moishe Skerman,8304,48
Hy Mee,6972,20
Mill Retallick,1008,33
Papageno Treske,9640,23
Katinka MacAlester,9042,36
Jacklyn Coffey,5604,43
Gwendolin Doughton,4077,29
Cordy Withams,7659,26
Nolie Lohoar,6672,28
Keefe Filon,2224,25
Gibbie Feeley,4529,29
Nyssa Rockwell,4572,24
Rawley Merrywether,2196,27
Lodovico Saph,8149,34
Colene Laudham,9340,22
Beverley Mackin,7442,49
Genia Antowski,8463,34
Jill Miranda,2674,18
Emerson Longina,6413,33
Tony Greenhough,6656,25
Homer Clowney,7334,49
Micheal Fillgate,5786,47
Corena Randalson,1623,39
Ardelia Beesley,9113,50
Sherie Cordoba,2298,40
Brannon Greatreax,4367,33
Mart O'Donoghue,2318,20
Ellswerth Gutteridge,2912,20
Erroll Petche,4488,20
Helenka Auguste,9873,24
Mendie Halliburton,5730,38
Mace Sparhawk,9194,28
Maribel Wipfler,3673,27
Arthur O'Dunniom,2523,38
Ardeen Marginson,5255,49
Jaye Douglass,6941,34
Norman Bonsey,4071,49
Antonina Rebert,6606,22
Correy Normant,4361,26
Devina St Ange,3897,19
Felike Cambell,4831,38
Dugald Attenbrow,8726,39
Kris Menlove,1397,37
Codee St. Paul,5843,31
Christin Pocknoll,7217,37
Dionysus Goulbourn,6976,47
May Gallagher,7687,49
Upton Simenon,6706,48
Karrah Lindsey,9107,23
Poppy Bapty,9805,44
Lindie Addyman,7209,40
Elnora Da Costa,1824,39
Carmella Chiechio,7413,35
Rancell Hainey`,5320,28
Wilow Aires,9306,50
Marleah Weepers,9812,50
Gabriela Beeckx,2093,48
Honoria O'Growgane,5171,50
Lelah Jeaffreson,6701,28
Phip Housecraft,6921,48
Ardella Wyllt,9703,36
Koralle Giffon,2675,49
Sella Kloser,9542,48
Tana Jowsey,1901,31
Renata Duplan,3044,32
Hernando Rogeron,8320,49
Mareah Trumpeter,4696,44
Lorinda Woolvin,9400,36
Trevor Wadsworth,1104,39
Emilia Martellini,8258,48
Vale Fowler,2410,35
Desmond Sand,8592,46
Padraig Frere,7068,49
Verna Fishleigh,5755,34
Shannah Swett,9000,30
Augusta Malyon,6972,49
Serena Hoggins,2331,30
Meggie Backler,5767,25
Del Elcomb,8998,38
Sansone Carnegie,3118,18
Cameron Buye,6445,43
Winnie Strotton,7949,30
Davita Manis,1994,49
Benedetto Veneur,1052,20
Elberta Hindmoor,3643,48
Prinz Jagielski,4024,18
Cybil Bunny,4094,44
Willetta Christensen,4373,34
Becky Crampin,5198,21
Glen Alenichicov,1691,50
Hussein Pawfoot,7282,38
Arabella Cathel,9289,41
Brooks Shemmin,1889,30
Cly Duff,6239,32
Michaeline Brockley,2026,48
Hal Moreman,4358,33
Merridie Gerardeaux,8879,48
Gaspar Holston,7635,21
Brenn Writtle,1306,49
Maggy Wildes,6573,23
Angie Bowler,1506,40
Ninnette Simco,5970,48
Zane Birley,7747,37
Ewell Thurborn,7989,41
Gallard Cargill,2874,21
Laurence Merrisson,1786,20
Goldie Pennock,7140,48
Charlie Ludl,4402,36
Vassily Noblet,5564,31
Darb Cringle,3287,31
Rosanna Cool,6461,31
Inge Giordano,9381,45
Pryce Bottomley,6830,44
Olivie Canedo,7503,35
Raffarty Frarey,8449,22
Nikolaus Ludlamme,1426,26
Halsey Orritt,4899,38
Scarlet Ciccotti,3752,39
Randell Farmloe,2353,48
Lay Beau,5111,21
Magda Bentham,5361,40
Tony Canepe,6966,49
Fannie Withrop,7367,49
Geri Stotherfield,5653,36
Emilee Craggs,1168,41
Worden Fullalove,3812,29
Pam Ledwidge,5859,43
Aindrea Finlay,9242,38
Alvis Dunphy,4861,34
Shelagh Phillpot,6354,32
Carolann MacNeachtain,4973,44
Lissie Ruhben,4495,40
Kaylil Sherwin,6635,50
Donna Zorro,4057,41
Vail Neame,6826,28
Vinson Drinan,9297,37
Irvine Doore,2985,34
Denni Yarnton,2170,38
Jeddy Rycroft,2059,32
Rhodie Holberry,3022,34
Lorettalorna Stennings,2250,31
Freeman Zanassi,3588,46
Edy Spatari,1811,23
Griffy Grombridge,7937,38
Sollie Badham,6001,48
Anna-diane Sonley,6673,21
Margaretha Tonks,7715,30
Gisela Ryburn,6386,23
Gretal Zemler,9265,41
Allistir Adne,2679,34
Robinet Rashleigh,6652,22
Maryann Melling,7402,21
Bellanca Cockson,8679,48
Alfi Edger,1139,38
Carola Fleckness,9897,25
Van Kinavan,8181,34
Emmett Wiggans,1684,35
Gus Georges,5215,36
Patrick Zorzi,8410,25
Ripley Gething,1467,32
Roxanne Hamnet,5198,31
Ira O'Kinedy,4210,49
Michail Ashdown,9405,32
Cathee Frodsham,8076,29
Damon Deners,5109,26
Ranna Stanlake,3758,47
Cale Bullas,3174,21
Charline Zotto,8608,23
Tabbatha Feavearyear,1666,32
Maison Robertet,8562,37
Jdavie Pieroni,7065,29
Alexis Bertl,5982,34
Tull Grunnill,5909,39
Celia Sicily,2639,45
Myrna Burren,9270,35
Adolphe Kegg,1772,20
Neall Chazelas,8592,41
Bay Brumwell,3251,29
Dane Realy,4286,41
Derry Chaman,7923,26
Hyacinth Pelfer,1906,44
Eleni Jolliss,4460,36
Stern Forte,1941,37
Burnard Chester,2900,19
Marlane Gladwish,7457,43
Mikol Mountfort,1139,20
Tripp Cobden,5203,35
Nehemiah Barzen,1216,38
Amil Giacovazzo,1284,37
Herbert Neaves,4032,25
Kora Sargood,4124,42
Brietta Luc,2488,27
Jason Dugan,1971,27
Arlen Lambot,6494,23
Bella Perdue,1162,49
Perry Gerant,6056,20
Tess Stickel,8809,35
Rasla Melmore,6411,49
Lyon Frain,1506,23
Dix Dennant,5373,39
Findley Lamasna,9694,29
Yorker Dowsey,1572,23
Arabel Barfield,3729,36
Alix Gardener,6995,38
Cyndie Bratch,9118,27
Katrinka Westhofer,2898,49
Yorke Flook,5031,49
Frederik Klulisek,7480,21
Leshia Weal,3171,36
Jennine MacCafferty,9779,44
Hatti Kropach,2256,40
Barbra Sagerson,2157,40
Sharline Kealy,2398,38
Dietrich McMorran,5503,20
Fredi Rosenwald,9673,47
Wells Peeters,1893,29
Audrye Geely,6379,42
Dino Helder,4607,23
Tilly MacLaren,3414,27
Arnaldo Hendrichs,8609,20
Vinnie Padfield,7942,22
Alida Dullard,6502,30
Joann Sangra,1845,36
Roze Lennarde,4005,42
Algernon Harower,1307,23
Sarena Nawton,7212,37
Zonda Acott,3035,24
Francine Cruwys,9869,48
Jarib Sproul,1755,30
Yule Avrahamof,5038,31
Woodman Shiliton,7723,25
Jemie Weiss,3592,29
Bevin Klainman,6088,27
Holt Heinzel,1351,28
Alexa Hessle,1992,47
Gerard Behr,7146,37
Pauline Iffland,7732,48
Gordan Nockolds,1033,29
Nedda Pettus,5592,37
Bradly Fayter,5097,31
Halie Couthard,7724,33
Jakie Mannock,9898,18
Melania Haswall,4481,28
Harrie Adami,4273,36
Hertha Carrabott,6208,46
Angelita Sturman,3883,46
Nathan Wilse,2199,40
Ginger Moff,2741,29
Tybalt Sellman,5303,48
Gillian Laye,9349,31
Anne-marie Damiata,9021,37
Caressa Kildahl,4360,37
Wandie Mattea,9454,41
Ingunna Bithany,1370,39
Susann Gibbings,4046,44
Arabela Sporgeon,3723,35
Zorina Raccio,4647,28
Sibyl Spurritt,6240,42
Pernell Stirzaker,1910,44
Penny Elphee,4550,18
Graig Weerdenburg,2676,41
Idaline Schout,2356,47
Gery Bowyer,1471,30
Leigha Ickowics,6889,33
Dorella Fettis,7522,27
Jarrett Lavis,1124,39
Cordy Henfre,6473,48
Estell Ingman,3776,27
Bram Heather,2924,35
Mylo McKniely,5463,21
Gaspard Testro,4937,24
Sly Bozworth,5496,40
Sullivan Dawe,6775,47
Carena Jumont,2345,50
Thedric Strettell,8718,39
Decca Alben,1381,50
Fionna Radmore,4620,29
Viv Cortes,2602,40
Lindy Gossington,4382,44
Minetta Ashurst,6821,43
Ceil Aronowitz,7452,38
Keefe Eathorne,3776,20
Lowrance Pyatt,4485,41
Glenine Lindeberg,7821,32
Nonna Kestin,2861,29
Tadeas MacKerley,9049,30
Alfy Caulwell,3409,36
Tulley Blackshaw,5629,48
Amos Harraway,7967,27
Gabbey Lownie,2266,48
Reynard Mollnar,7951,48
Walsh Lardez,8983,41
Banky Bankes,7579,24
Blondie Harston,1572,18
Morrie Marciskewski,3608,40
Emmie Maric,9468,28
Krispin McGarva,3662,22
Leland Prevett,5686,25
Kippie Heinreich,9678,33
Isak Klimsch,4586,28
Antone Duffett,1228,47
Sinclair Lambertz,1842,32
Tynan Latan,3102,36
Hart Vauls,3411,48
Elly Zanussii,9574,19
Anstice Flacke,7041,24
Florette Steinhammer,9622,31
Crissy Koopman,5505,33
Dotti Zaniolo,5953,42
Ericha Leighfield,9155,32
Boot Cockshutt,1358,28
Joachim Lammie,2477,21
Sanford Omand,9900,23
Ode Cardew,7695,24
Kit Luckie,6417,31
Bernhard Lighterness,9368,29
Robinet Sircombe,6224,26
Chanda Everingham,4008,23
Ernesto Marval,7169,28
Gale Brideaux,7919,24
Salaidh Eccleston,2740,30
Ahmed Arblaster,8937,35
Marsha Bramo,9562,21
Caro Pavitt,4782,29
Barnabas Whyatt,6360,49
Bent Cruce,5231,45
Tarra Bircher,6851,26
Lynnet Baddiley,1970,44
Larissa Mitchiner,6703,43
Neron McFater,7821,28
Lian Hurdis,8834,22
Marlo McGarrie,7345,49
Orelle Loude,8588,49
Tallie Lethlay,6789,21
Muire Feavyour,3955,45
Jaquenetta Cuberley,1290,34
Brooke Gonzalo,8823,23
Dunn MacLoughlin,6068,32
Minna Pottage,2481,40
Paddy Rock,8333,32
Carlina Chillcot,8766,41
Shayne Clyburn,5059,20
Aurore Rowbottom,5273,21
Chaim Jansens,1096,31
Jere Scarce,8059,29
Wyatan Maneylaws,8065,45
Perren Heinecke,6694,45
Jessa Cicconetti,2986,33
Casey Yegorov,3856,30
Philis Toal,2078,41
Adoree Bodleigh,8436,38
Carilyn Easson,9797,22
Eric Kitteman,3870,27
Riane Bastian,1818,42
Malissia Legen,1062,37
Margarete Pittem,5531,21
Woodman Ciepluch,3430,26
Leonerd Hancke,6514,36
Ginnie Demicoli,1721,24
Iggy Sellens,9978,35
Gerianna Canadine,6866,48
Mariana Klees,1048,38
Debbi Simoes,7106,25
Darwin McShirrie,7814,22
Ezequiel Gook,5349,23
Lanita Mawne,9612,21
Roarke Lissimore,7498,21
Eberto Whalley,2220,46
Pepe Brabon,2063,21
Laurel Camellini,3977,18
Maris Burner,2530,39
Rory Eye,1159,45
Grace Hardiker,8701,19
Gawain O'Rourke,9899,23
Halette Ickovic,9511,47
Christalle Le Sarr,1940,47
Martie Alldre,1932,23
Brina Neely,7232,24
Faydra Mengue,9377,28
Dom MacSkeaghan,7918,43
Gustaf Pairpoint,7790,34
Adriana Mobbs,3879,25
Stevy Bernier,6694,35
Annabela Galle,7026,50
Eldon Ricson,2004,39
Idell Artz,3079,48
Eddy Goodlett,8689,28
Hayley O'Sherin,4050,23
Allistir Pache,5855,20
Karia Soro,4927,25
Gwenette Brasse,6870,26
Goldie Georgeau,8118,48
Maritsa Taree,6350,45
Venus Ortzen,9179,24
Neilla Rhys,1617,26
Berrie Brinklow,5057,23
Augustina Haughin,8723,29
Olwen Gallichan,7133,28
Melinda Paiton,9637,42
Ruth Hollebon,8365,32
Bathsheba Beuscher,9792,30
Reynold Crellin,3018,31
Cherie Aysh,2037,34
Wylma Dain,8090,29
Shurlocke Geist,9646,45
Tiena Tackley,3866,40
Christopher Mithun,7079,35
Chrissie Pietruszka,4899,43
Ezri Bythway,4682,45
Barret Scaddon,8788,37
Annabella Patria,5873,42
Becky Gruby,8324,43
Niki Klehyn,8200,47
Elnar Campana,8899,18
Elisa Jeanequin,7444,23
Alidia Phipps,5054,39
Barnabe Porter,1015,30
Royce Donisi,5088,29
Lindsey Nolder,8342,18
Annadiana Matthewes,4441,22
Vittorio Lowndes,5266,22
Gris Sprade,9522,24
Hagen Mundie,7092,47
Phaidra McFarlane,9888,47
Gasper Trehearne,7260,34
Patty Pragnall,9013,40
Kirstyn Bidgood,5690,22
Tarrance Galego,4725,27
Starla Dalby,7578,24
Eldon Daud,6771,35
Retha Avery,7502,37
Augustine Hatwells,7794,33
Crin Keeltagh,1338,22
Tedra Lalor,5743,50
Chane Fielding,3578,38
Neddy McGee,9966,21
Bent McGinn,6341,43
Marlie Madine,1565,24
Melesa Flegg,3915,47
Efrem Lowdiane,8177,19
Nicola Lukovic,5275,39
Raynard Hartman,8020,43
Hestia Robker,4526,29
Corrine Roxburgh,6695,45
Chris Fillgate,1207,34
Gillian Phlippi,7905,43
Levi Adey,4397,31
Clive Rabson,7235,34
Lynnet Daine,8146,19
Hilda Blackaller,5238,31
Gerda Whichelow,7084,18
Sylvan Hiom,5998,21
Rebeca Ropkes,9482,46
Anthea Roffey,2816,37
Laverna Cossor,6779,18
Rora Collins,5221,43
Svend Dilleway,3989,31
Mina Twatt,1803,29
Galen Tireman,4173,42
Herminia ducarme,9138,22
Cazzie Caret,9217,38
Diahann Torvey,8276,50
Davie Reade,8531,18
Ericha Tryhorn,3656,31
Dore Wither,8959,39
Kerry Mardling,7130,45
Aldo Toquet,5219,33
Erin Lamberto,3373,47
Blondell Ballinger,5695,48
Malena MacColl,3710,27
Davine Jonczyk,6786,32
Pansie Keedwell,9122,19
Ashley Walrond,1017,47
Gerhardine Gillingwater,2084,47
Gunner Rodgier,6005,23
Camilla Hoxey,4355,45
Babb Ashfull,6788,34
Reese Huncote,8357,43
Raynard McMenamy,8383,29
Dedra Rathke,5611,44
Antonio Soda,5506,23
Justinn Garoghan,1554,28
Saxe Flucks,5822,27
Celisse Pierton,5147,29
Phebe Dorow,9988,44
Glenine Syddall,7131,33
Cory Corke,3645,32
Cliff Stanistreet,9756,41
Elston Zylbermann,1784,39
Templeton Strother,5705,19
Ric Gadeaux,1237,33
Chase Cargo,8361,34
Giacomo Hawker,1103,40
Lois Canepe,4545,19
Hermine Rounding,6803,48
Carlin Gatchel,3335,46
Aldous Stooke,2246,48
Lawrence Cops,8141,40
Elton Tuer,5788,43
Dorelia Lies,6932,46
Kelsey Legister,6357,36
Cori Minger,3569,24
Ody Hedling,6223,29
Winifield Bennion,6603,28
Guilbert Tregea,1537,36
Martie MacFadin,2668,36
Shermie Curless,7203,22
Laura Kezar,7368,36
Tonie Tinto,2482,49
Vere McRill,9598,23
Allissa Bamlett,9921,38
Pia Torritti,9277,22
Stephanie Kinastan,6612,26
Ora Brandone,9064,47
Melba Oman,5209,20
Gigi Kunze,6777,30
Denney Ostick,9013,40
Corey Sessuns,7271,20
Patti McCreagh,8794,18
Marquita Wessing,2758,25
Pauline Leinweber,2960,40
Edy Davidesco,1844,50
Frederigo Brazur,4085,47
Sholom Lazenby,7198,23
Cal Exter,5924,30
Kordula Lammin,1375,36
Jo ann Borkin,2567,21
Gabrielle Bompas,2603,47
Zaria Gaven,8361,40
Lizabeth Scamadine,8652,46
Johnathan Pearman,1305,40
Sofia Somerset,2172,45
Rozanna Katte,3037,23
Bill Craddock,8247,30
Eleanora Newell,5609,21
Emmalyn Domeney,6062,37
Kip Weeden,4439,23
Sula Chazelas,5318,26
Forrest Sircombe,4699,29
Hewe Basley,1613,25
Cleo Shaudfurth,2867,25
Giffy Boundy,9954,23
Rozanna Greetland,2642,26
Charmane Enric,6546,21
Shannon Henken,6379,21
Northrup Pattington,5613,18
Webb Faro,4095,29
Orton Incogna,8903,47
Livvy Surcombe,5377,31
Danny Barford,7362,24
Oliviero Stainson,7062,45
Cliff Sothcott,9868,24
Cookie Innerstone,4640,49
Giselbert Phebey,1768,29
Ali Jaggi,5905,48
Nessy Normansell,3690,32
Darda Chamberlen,9029,20
Konstantine Shorthill,8312,26
Nadine McMyler,8475,29
Giuseppe Blackstone,1007,31
Anderea D'Alessandro,8198,21
Brennen Whinney,8595,25
Heinrick Vanyard,8313,29
Norah D'Elia,7283,20
Letizia Trillo,6032,48
Germaine Curley,4401,36
Valentin Jeyness,3820,36
Maximilian Hargreave,4925,32
Amy Judge,8199,21
Shirlee Dibdall,7756,49
Sib Mosley,3966,35
Sianna Broszkiewicz,2005,35
Maureene Amsden,4374,41
Phillipe Boatwright,5594,44
Eva Maddock,9633,26
Sheri Bolden,3684,45
Mechelle Jarville,1845,43
Mella Downage,8498,30
Bill Ilyas,7024,41
Cletus Casement,9670,22
Floyd Fominov,7636,45
Raff Whyman,2509,44
Bastien Steet,4771,47
Thedrick Buard,2448,50
Averell Sheffield,2427,23
Corbett Martygin,6795,46
Laurent Muzzillo,7964,32
Corrinne Senior,7264,37
Caryl Coxwell,1905,37
Debi Evitt,8509,37
Greer Doudny,2150,40
Jonathon Kilgrew,2786,27
Stephie Kmieciak,4098,40
Alys Ayllett,8857,23
Veronique Duckworth,8416,28
Ludovika Humfrey,9292,38
Giff Reinhart,5658,30
Celesta Maudett,2650,44
Matty Wilbor,5664,31
Suzanne Lernihan,2163,27
Aurilia Cuthbertson,7894,43
Bart Chataignier,8899,25
Jolyn Coutts,7158,27
Aurore Carah,5692,41
Sybille Tapson,3163,42
Anissa Gillbey,2196,22
Maggi Marchenko,7849,37
Adella Bathurst,6515,23
Nickie Ivanchov,6447,29
Tybi Strickett,6067,41
Nicola Dailly,7044,26
Kylynn Krzysztof,7482,27
Con Sloan,2314,29
Lorine Thurber,7731,42
Paulina Bonellie,6684,50
Neale Netti,5728,19
Harmonie Cokely,9172,37
Shermie Caistor,4412,20
Brunhilde Mingauld,5248,31
Branden Thoresby,8860,35
Shirlee Thresher,2278,28
Hetti Doxsey,1340,42
Kenneth Langstrath,2566,48
Livvyy Cridge,8152,35
Winnie Ohms,6125,29
Lauri Chretien,9668,48
Phillis Havenhand,6432,26
Nettle Sprade,4522,32
Mark Lantiff,9328,46
Farrel Venard,4471,31
Ogden Alty,3265,25
Karlen Garard,1224,46
Fidelia Blaise,6422,46
Geri June,3452,44
Rosemonde Pigott,4300,26
Schuyler Layus,1067,39
Giordano Hume,8393,36
Kassia Kalewe,8171,35
Maye Middleweek,5442,36
Jacinthe Swatton,8132,28
Guthrey Merdew,4990,45
Correy Shimmans,3480,25
Lela Abendroth,6436,46
Chen Cregin,1255,46
Noelle Corkett,5312,19
Faber Cooley,3798,23
Humbert Ciobotaro,2739,50
Jody Doulden,2405,25
Reg Bows,5614,44
Colet Bottomley,6990,38
Ernesta Fallanche,7925,28
Bliss Maryott,5073,23
Saunders Ferrarello,8003,20
Bertha Clipston,4650,37
Brocky Robard,1160,48
Michal MacGahey,3359,29
Moreen Langelay,1722,18
Fitzgerald Rawlcliffe,3298,24
Odelle Poletto,2970,30
Lefty Kiwitz,5414,34
Horace Marquess,3761,26
Cecilius Sunnex,9492,50
Garrik Tumilson,4656,47
Minda Nucciotti,6461,49
Jemie Demann,3799,45
Trueman Gwatkin,2472,49
Terry Belchambers,1231,47
Bo Sheffield,3290,18
Berenice Manser,4298,26
Haily Palphreyman,8849,22
Merrili Cleaves,2725,31
Eugenia Culkin,5057,34
Marne Hardeman,2882,45
Colleen Jzhakov,1155,26
Zita Gounin,1851,26
Goldia Croan,3955,24
Lukas Thying,9922,40
Isabelita Courtney,8414,35
Konstanze Gingel,4683,22
Godwin Itzhaiek,5439,20
Wally Hulke,4891,28
Morie Dabes,9509,40
Alfreda Clout,8392,37
Lucien Gordon-Giles,8147,43
Merrie Mayworth,7335,42
Ashlen Prevost,8775,48
Georgianna Gannicott,7617,38
Price Embling,2975,25
Tedra Vashchenko,3211,31
Nettle Polkinhorn,4960,30
Damien Chapling,3433,27
Lowe O' Neligan,7145,39
Jeff Kennedy,2688,24
Chad Chittock,2197,40
Bernetta Ohms,4628,32
Kakalina Marchiso,4462,38
Hedwiga Philipsson,5942,47
Tanney De Normanville,3358,18
Stephie Sogg,4190,28
Kevon Dyne,9693,44
Elsy Seakings,6163,20
Lorene Westrey,4245,43
Geraldine Fenning,1972,25
Mina Whitear,8395,31
Saw Bramwich,2237,27
Wilhelm Lefeuvre,4732,42
Wenona Lemasney,1545,35
Lisette Moyler,9501,31
Annice Coners,4831,35
Huntington Pirdy,4990,22
Barry Kinnier,6358,39
Antony Peasnone,2423,31
Joshua Reignould,3187,27
Lianna Parriss,6954,20
Jose Hallbird,2526,22
Phillis Winship,4349,37
Catarina Errey,5525,39
Erena Loncaster,1899,18
Guglielmo Rodear,9914,39
Heriberto Coppens,2435,41
Vanya Pyrton,7009,19
Sibelle Culshew,3214,45
Ahmad Brandreth,5160,28
Dorey Enrrico,5910,33
Henrietta Cramb,2608,50
Filberto Fumagall,2444,41
Torre Dunbar,3509,33
Storm Palay,3107,40
Bettine Haggerwood,2218,31
Eimile Belf,6060,33
Joshua Tupman,7546,23
Tito Cowlishaw,2103,28
Riannon Ballefant,5498,18
Loren St Louis,7932,44
Cory Marjanski,6733,34
Randi Towhey,7247,45
Anton Dummett,2862,19
Filide Banck,4308,44
Frederick Wilsey,5621,31
Roseanna Thornham,4921,24
Gusta Resdale,4468,37
Barth Cornels,8725,25
Siusan Pavkovic,2313,39
Toby Blowers,5840,22
Gardner Kinsley,3644,37
Abraham Philbrick,5433,40
Merle Stockbridge,3073,35
Janela Crat,9560,19
Allyn Colaton,9293,23
Dixie Ivanchin,9619,41
Lennard Cholton,1613,33
Melesa Pickin,1082,50
Tami Waddam,1096,26
Pattin Clubbe,5171,46
Vernon Plackstone,1289,21
Melisande McKenzie,1646,50
Deny Beiderbecke,9315,18
Ave Milan,4744,25
Kellina Chasmor,2493,31
Shaylah Grinley,7627,35
Georgine Benzi,4245,33
Linda Rodinger,2359,48
Martguerita Pottinger,7629,43
Willem Matusov,8767,20
Brand Fairhurst,3284,39
Dwain Davley,2616,41
Inga Estevez,9416,29
Bourke Curnow,2988,40
Salvador Gantlett,5598,35
Karoline Le Barr,7996,28
Netti Taggert,7059,38
Ethan Snelman,2279,28
Hanni Nazareth,4867,20
Aili Strother,9404,43
Dari Digg,7621,26
Odetta Pattinson,7619,34
Valery Philipps,1276,21
Randi Kingshott,9828,29
Kial Emptage,3311,42
August Braniff,9170,30
Freddie Monkleigh,3816,34
Lea Sambles,2133,23
Marylin Flint,2072,36
Dean Furmage,6423,49
Cliff Crocroft,1052,34
Tandi Spinley,7023,41
Rachelle Cancelier,3073,21
Hilary Polland,6614,41
Sargent Wardrope,8139,44
Sela MacShirie,4559,33
Franky Paeckmeyer,5196,25
Gayelord Lapley,7088,40
Carmine Lillico,3801,43
Claudell Stolle,2719,31
Em Stidson,1779,21
Gerri Grandin,6593,34
Elisabetta Bingham,1614,38
Elfreda Hawket,7771,25
Aubree Krollman,8731,43
Pieter Narramore,8916,44
Karen Kohrt,2133,22
Bartram Bestwall,5166,42
Harriette Bertram,9405,47
Horton Parsonson,5745,43
Karrah Gasticke,6073,27
Derk Cox,7561,21
Nan Defries,3938,22
Wilie Appleton,5268,24
Rafa Klauber,8782,29
Almeria Saipy,3778,35
Joya Jehaes,1895,41
Isa Parade,2280,30
Harlan Bothbie,2297,20
Marnie Grimbleby,2776,21
Edd Espinosa,8352,18
Robyn Jozsef,3279,37
Tomasine Preshaw,8740,36
Dinah Orbon,1297,22
Marcello Ridgwell,6895,19
Waverley Marsh,1253,25
Griz Hedworth,8937,19
Gaynor O'Kerin,2273,25
Fitz Trevithick,7040,31
Marcie Verty,8013,39
Barny Fifoot,7457,18
Ronnica Matovic,6021,50
Jacquetta Hardiman,1141,28
Hetti Derill,4253,44
Ruthann Jeremiah,1867,29
Riobard Robers,3159,48
Sherlock Claughton,3852,40
Bernete Olenichev,8127,32
Aile Rummings,8960,45
Nada Challender,3480,28
Marianne Perillio,3199,38
Sheri Hallahan,7502,45
Raychel Wilgar,9817,27
Trista Oldrey,1936,19
Celeste Pancast,8068,39
Toddie Rumford,6647,35
Everard Crunden,2116,23
Justino Massingberd,5047,43
Madel Liccardi,8327,18
Kelsi Anwell,4839,42
Ingra Josebury,5754,34
Teddie Bilsford,4516,38
Merl Derisly,1149,24
Modestine Cristofvao,6061,35
Frederich Versey,2150,50
Holmes Hrachovec,6525,21
Alika Dybell,7763,25
Teresa Teulier,7525,42
Tammara Coldbreath,9541,44
Melita Dudeney,4251,29
Rhianna Whartonby,3698,34
Vittorio Leither,4892,26
Eirena Matiasek,6482,27
Dolli Meggison,3331,45
Sargent Borborough,3851,20
Bax Elcomb,4925,47
Anton Solan,2670,46
Dex Bilt,5208,42
Robinet Bensusan,3941,34
Malynda Laughton,8107,31
Frederick Reschke,3396,39
Milo Eaglesham,4764,32
Glyn Giblin,9872,42
Cassi Buddock,1575,44
Connor Attree,6541,18
Bill Turnbull,3034,45
Zorah Frank,7834,48
Freeman Okey,7881,25
Jazmin Feltham,5059,18
Ronnica Watters,1402,37
Minnnie Diggins,1309,39
Gasper Cochern,8962,36
Jasen Chaplain,5569,36
Remy Sprey,4959,43
Andria Birchett,2240,39
Christoper Dunseith,6603,48
Clevie Willman,2861,47
Zitella Falls,7643,49
Sully Todd,1193,45
Hillyer Shreeve,1969,38
Monti Bolsover,4731,39
Elana Lynskey,6921,28
Flori Giacometti,9848,24
Mordy Derington,2761,43
Rufe Westraw,8803,47
Anabelle Chetter,4427,39
Benita Siddele,2086,40
Glyn Fantin,3399,41
Valida De Angelo,3136,36
Alia Edmonds,6191,20
Ceciley Snoddin,9088,45
Eli Copson,3289,44
Monroe Colclough,3775,31
Lorant Banisch,9129,22
Pearce Fahrenbacher,3444,27
Donna Whitehorne,3869,25
Sisely Lydster,7701,33
Teriann McArte,1559,21
Ryon Bente,6806,37
Kiri Mocquer,1884,32
Ozzie Innocenti,8957,23
Ceil Writtle,4994,18
Drucill Temperley,1774,40
Juline Stodd,8291,18
Kent Sholl,7598,18
Irvine Goodings,6798,37
Craggy Mival,9783,39
Andie Dungate,2359,43
Sonja Wheatman,8574,49
